1000,'Toyota',100,700,'Suv',2001
1001,'Maruth',120,840,'compact',1999
1002,'suzuki',120,840,'medium',1998
1003,'Honda',120,840,'large',2007
1004,'Huindai',130,910,'compact',2008
1005,'Porche',200,950,'medium',2009
1006,'Tata',120,840,'suv',2002
1007,'Fiat',130,910,'large',1995
1008,'Ford',100,700,'Suv',2010
1009,'Scoda',140,980,'compact',2006
1010,'Rolls Royce',300,999,'medium',2012
1011,'Jaguar',400,999,'large',2013
1012,'Volkswagen',350,999,'medium',2011
1013,'Mercedes',370,999,'suv',2004
1014,'BMW',400,999,'large',2005
1015,'Mitsubisi',320,999,'compact',2010
1016,'Nissan',270,999,'Suv',2015
1017,'Audi',450,999,'compact',2014
1018,'Ferrari',500,999,'medium',2012
1019,'Chevrolet',220,999,'large',2000
