1,'Kathleen','Philip','Watkins',869069436
2,'Henry','Timothy','Arnold',352607684
3,'Todd','Ralph','Coleman',252544285
4,'Tammy','Eugene','Murphy',464986040
5,'Ralph','Martin','Stephens',160880582
6,'Stephen','Jose','White',312177004
7,'Brandon','Steve','Sullivan',634916659
8,'Jeffrey','Raymond','Rodriguez',668232032
9,'Victor','Harold','Hawkins',634812509
10,'Clarence','Larry','Spencer',929729660
11,'Jacqueline','Matthew','Ramos',869303811
12,'Helen','Joe','Ray',574439049
13,'Susan','Douglas','Grant',863197420
14,'Mildred','Roy','Adams',987051506
15,'Harold','David','Hamilton',549304785
